{"cameraMode":{"drawMode":0,"name":"Shaded","section":"Shading Mode"},"sceneLighting":false,"audioPlay":false,"sceneViewState":{"showFog":false,"showMaterialUpdate":false,"showSkybox":false,"showFlares":false,"showImageEffects":false,"showParticleSystems":false},"in2DMode":false,"pivot":{"x":0.0,"y":0.0012139976024627686,"z":-0.010956987738609314},"rotation":{"x":-0.1559748500585556,"y":0.05125162750482559,"z":-0.00808797962963581,"w":-0.9864152669906616},"size":0.8259124755859375,"orthographic":false}