{"cameraMode":{"drawMode":0,"name":"Shaded","section":"Shading Mode"},"sceneLighting":false,"audioPlay":false,"sceneViewState":{"showFog":false,"showMaterialUpdate":false,"showSkybox":false,"showFlares":false,"showImageEffects":false,"showParticleSystems":false},"in2DMode":false,"pivot":{"x":0.0,"y":0.001216500997543335,"z":-1.0111162662506104},"rotation":{"x":-0.1559748500585556,"y":0.05125162750482559,"z":-0.00808797962963581,"w":-0.9864152669906616},"size":0.826663076877594,"orthographic":false}