{"cameraMode":{"drawMode":0,"name":"Shaded","section":"Shading Mode"},"sceneLighting":true,"audioPlay":false,"sceneViewState":{"showFog":false,"showMaterialUpdate":false,"showSkybox":false,"showFlares":false,"showImageEffects":false,"showParticleSystems":false},"in2DMode":false,"pivot":{"x":6.789999961853027,"y":4.099997520446777,"z":-1.7799999713897706},"rotation":{"x":-0.1559748500585556,"y":0.05125162750482559,"z":-0.00808797962963581,"w":-0.9864152669906616},"size":10.219385147094727,"orthographic":false}