{"cameraMode":{"drawMode":0,"name":"Shaded","section":"Shading Mode"},"sceneLighting":false,"audioPlay":false,"sceneViewState":{"showFog":true,"showMaterialUpdate":false,"showSkybox":false,"showFlares":true,"showImageEffects":true,"showParticleSystems":true},"in2DMode":false,"pivot":{"x":-0.000020079314708709717,"y":0.6015164852142334,"z":-0.0000368952751159668},"rotation":{"x":-0.0273068118840456,"y":0.7274400591850281,"z":-0.028973914682865144,"w":-0.6850382685661316},"size":3.889509439468384,"orthographic":false}