{"cameraMode":{"drawMode":0,"name":"Shaded","section":"Shading Mode"},"sceneLighting":false,"audioPlay":false,"sceneViewState":{"showFog":true,"showMaterialUpdate":false,"showSkybox":false,"showFlares":true,"showImageEffects":true,"showParticleSystems":true},"in2DMode":false,"pivot":{"x":-0.010750144720077515,"y":1.615873098373413,"z":-0.9999998807907105},"rotation":{"x":-0.057658661156892779,"y":0.7568665146827698,"z":-0.06739422678947449,"w":-0.6475268006324768},"size":3.1698811054229738,"orthographic":false}