{"cameraMode":{"drawMode":0,"name":"Shaded","section":"Shading Mode"},"sceneLighting":false,"audioPlay":false,"sceneViewState":{"showFog":true,"showMaterialUpdate":false,"showSkybox":false,"showFlares":true,"showImageEffects":true,"showParticleSystems":true},"in2DMode":false,"pivot":{"x":-0.26914429664611819,"y":1.3013051748275757,"z":0.44870662689208987},"rotation":{"x":0.06856779009103775,"y":0.6771317720413208,"z":0.06362643837928772,"w":-0.729906439781189},"size":5.8806939125061039,"orthographic":false}