{"cameraMode":{"drawMode":0,"name":"Shaded","section":"Shading Mode"},"sceneLighting":true,"audioPlay":false,"sceneViewState":{"showFog":true,"showMaterialUpdate":false,"showSkybox":true,"showFlares":true,"showImageEffects":true,"showParticleSystems":true},"in2DMode":false,"pivot":{"x":4.769055366516113,"y":1.0224852561950684,"z":-0.8625888824462891},"rotation":{"x":0.16934889554977418,"y":-0.1708601862192154,"z":0.029835674911737443,"w":0.9702057242393494},"size":5.261427879333496,"orthographic":false}