{"cameraMode":{"drawMode":0,"name":"Shaded","section":"Shading Mode"},"sceneLighting":false,"audioPlay":false,"sceneViewState":{"showFog":true,"showMaterialUpdate":false,"showSkybox":false,"showFlares":true,"showImageEffects":true,"showParticleSystems":true},"in2DMode":false,"pivot":{"x":-7.450580596923828e-9,"y":0.3079834580421448,"z":2.9802322387695315e-8},"rotation":{"x":0.22742414474487306,"y":-0.13821984827518464,"z":0.03262928128242493,"w":0.9633840918540955},"size":1.580212950706482,"orthographic":false}