{"cameraMode":{"drawMode":0,"name":"Shaded","section":"Shading Mode"},"sceneLighting":false,"audioPlay":false,"sceneViewState":{"showFog":true,"showMaterialUpdate":false,"showSkybox":false,"showFlares":true,"showImageEffects":true,"showParticleSystems":true},"in2DMode":false,"pivot":{"x":4.966151714324951,"y":5.370857238769531,"z":-2.073432445526123},"rotation":{"x":-0.032630644738674167,"y":0.7600769996643066,"z":-0.03828321024775505,"w":-0.6478936672210693},"size":6.384500503540039,"orthographic":false}