{"cameraMode":{"drawMode":0,"name":"Shaded","section":"Shading Mode"},"sceneLighting":true,"audioPlay":false,"sceneViewState":{"showFog":true,"showMaterialUpdate":false,"showSkybox":true,"showFlares":true,"showImageEffects":true,"showParticleSystems":true},"in2DMode":false,"pivot":{"x":1.520310640335083,"y":1.029569149017334,"z":0.5097970962524414},"rotation":{"x":0.18335002660751344,"y":0.18571780622005464,"z":-0.035283707082271579,"w":0.9647323489189148},"size":10.441986083984375,"orthographic":false}