{"cameraMode":{"drawMode":0,"name":"Shaded","section":"Shading Mode"},"sceneLighting":true,"audioPlay":false,"sceneViewState":{"showFog":true,"showMaterialUpdate":false,"showSkybox":true,"showFlares":true,"showImageEffects":true,"showParticleSystems":true},"in2DMode":false,"pivot":{"x":9.476886749267579,"y":3.9290053844451906,"z":-1.3812155723571778},"rotation":{"x":-0.057658661156892779,"y":0.7568665146827698,"z":-0.06739422678947449,"w":-0.6475268006324768},"size":2.8891029357910158,"orthographic":false}