{"cameraMode":{"drawMode":0,"name":"Shaded","section":"Shading Mode"},"sceneLighting":false,"audioPlay":false,"sceneViewState":{"showFog":true,"showMaterialUpdate":false,"showSkybox":false,"showFlares":true,"showImageEffects":true,"showParticleSystems":true},"in2DMode":false,"pivot":{"x":-0.000020079314708709717,"y":0.6015164852142334,"z":-0.0000368952751159668},"rotation":{"x":-0.03411591425538063,"y":0.6377760171890259,"z":-0.02827511541545391,"w":-0.7689668536186218},"size":3.889509439468384,"orthographic":false}