{"cameraMode":{"drawMode":0,"name":"Shaded","section":"Shading Mode"},"sceneLighting":false,"audioPlay":false,"sceneViewState":{"showFog":false,"showMaterialUpdate":false,"showSkybox":false,"showFlares":false,"showImageEffects":false,"showParticleSystems":false},"in2DMode":false,"pivot":{"x":-7.450580596923828e-8,"y":-0.0014436207711696625,"z":-0.021289438009262086},"rotation":{"x":-0.1559748500585556,"y":0.05125162750482559,"z":-0.00808797962963581,"w":-0.9864152669906616},"size":0.8019707202911377,"orthographic":false}