{"cameraMode":{"drawMode":0,"name":"Shaded","section":"Shading Mode"},"sceneLighting":false,"audioPlay":false,"sceneViewState":{"showFog":true,"showMaterialUpdate":false,"showSkybox":false,"showFlares":true,"showImageEffects":true,"showParticleSystems":true},"in2DMode":false,"pivot":{"x":1.380000114440918,"y":-2.426565170288086,"z":4.340000152587891},"rotation":{"x":0.09758315235376358,"y":-0.7318106293678284,"z":0.10723467171192169,"w":0.6659259796142578},"size":10.445669174194336,"orthographic":true}