{"cameraMode":{"drawMode":0,"name":"Shaded","section":"Shading Mode"},"sceneLighting":false,"audioPlay":false,"sceneViewState":{"showFog":true,"showMaterialUpdate":false,"showSkybox":false,"showFlares":true,"showImageEffects":true,"showParticleSystems":true},"in2DMode":false,"pivot":{"x":-9.75523567199707,"y":0.2548384666442871,"z":-0.07446229457855225},"rotation":{"x":0.09879830479621887,"y":-0.7525372505187988,"z":0.1160452738404274,"w":0.6406977772712708},"size":8.689408302307129,"orthographic":true}