{"cameraMode":{"drawMode":0,"name":"Shaded","section":"Shading Mode"},"sceneLighting":true,"audioPlay":false,"sceneViewState":{"showFog":true,"showMaterialUpdate":false,"showSkybox":true,"showFlares":true,"showImageEffects":true,"showParticleSystems":true},"in2DMode":false,"pivot":{"x":-20.472118377685548,"y":-0.08891601860523224,"z":-39.750179290771487},"rotation":{"x":0.26393768191337588,"y":0.31791141629219057,"z":-0.09262287616729737,"w":0.9059200286865234},"size":7.9036407470703129,"orthographic":true}