{"cameraMode":{"drawMode":0,"name":"Shaded","section":"Shading Mode"},"sceneLighting":false,"audioPlay":false,"sceneViewState":{"showFog":true,"showMaterialUpdate":false,"showSkybox":false,"showFlares":true,"showImageEffects":true,"showParticleSystems":true},"in2DMode":false,"pivot":{"x":-1.476412057876587,"y":0.26665759086608889,"z":-0.2297770082950592},"rotation":{"x":0.3784506618976593,"y":-0.0402451828122139,"z":0.01647672988474369,"w":0.9246240258216858},"size":5.070194721221924,"orthographic":true}