{"cameraMode":{"drawMode":0,"name":"Shaded","section":"Shading Mode"},"sceneLighting":false,"audioPlay":false,"sceneViewState":{"showFog":true,"showMaterialUpdate":false,"showSkybox":false,"showFlares":true,"showImageEffects":true,"showParticleSystems":true},"in2DMode":false,"pivot":{"x":-1.9013310670852662,"y":1.293947458267212,"z":-0.22983399033546449},"rotation":{"x":-0.1192249059677124,"y":0.08952528983354569,"z":-0.010795106180012226,"w":-0.9887674450874329},"size":11.646353721618653,"orthographic":true}