{"cameraMode":{"drawMode":0,"name":"Shaded","section":"Shading Mode"},"sceneLighting":false,"audioPlay":false,"sceneViewState":{"showFog":true,"showMaterialUpdate":false,"showSkybox":false,"showFlares":true,"showImageEffects":true,"showParticleSystems":true},"in2DMode":false,"pivot":{"x":-8.0,"y":0.34514176845550539,"z":-1.1920928955078126e-7},"rotation":{"x":-0.003425427246838808,"y":-0.9939762949943543,"z":0.10475252568721771,"w":-0.0325181670486927},"size":6.672560214996338,"orthographic":true}