{"cameraMode":{"drawMode":0,"name":"Shaded","section":"Shading Mode"},"sceneLighting":false,"audioPlay":false,"sceneViewState":{"showFog":true,"showMaterialUpdate":false,"showSkybox":false,"showFlares":true,"showImageEffects":true,"showParticleSystems":true},"in2DMode":false,"pivot":{"x":-1.4563759565353394,"y":-2.236262798309326,"z":3.839494228363037},"rotation":{"x":0.030934808775782586,"y":-0.952168345451355,"z":0.10294618457555771,"w":0.28610628843307497},"size":5.098170757293701,"orthographic":true}