{"cameraMode":{"drawMode":0,"name":"Shaded","section":"Shading Mode"},"sceneLighting":false,"audioPlay":false,"sceneViewState":{"showFog":true,"showMaterialUpdate":false,"showSkybox":false,"showFlares":true,"showImageEffects":true,"showParticleSystems":true},"in2DMode":false,"pivot":{"x":1.3361012935638428,"y":-2.603773355484009,"z":4.0599799156188969},"rotation":{"x":-0.003425427246838808,"y":-0.9939762949943543,"z":0.10475252568721771,"w":-0.0325181670486927},"size":5.070194721221924,"orthographic":true}