{"cameraMode":{"drawMode":0,"name":"Shaded","section":"Shading Mode"},"sceneLighting":true,"audioPlay":false,"sceneViewState":{"showFog":true,"showMaterialUpdate":false,"showSkybox":true,"showFlares":true,"showImageEffects":true,"showParticleSystems":true},"in2DMode":false,"pivot":{"x":-24.270000457763673,"y":-1.5,"z":-46.290000915527347},"rotation":{"x":0.44291117787361147,"y":0.10073360800743103,"z":-0.05021008849143982,"w":0.8894950151443481},"size":34.707210540771487,"orthographic":true}