{"cameraMode":{"drawMode":0,"name":"Shaded","section":"Shading Mode"},"sceneLighting":false,"audioPlay":false,"sceneViewState":{"showFog":true,"showMaterialUpdate":false,"showSkybox":false,"showFlares":true,"showImageEffects":true,"showParticleSystems":true},"in2DMode":false,"pivot":{"x":-1.476412057876587,"y":0.26665759086608889,"z":-0.2297770082950592},"rotation":{"x":0.19282166659832,"y":-0.1538313925266266,"z":0.0306229367852211,"w":0.9686174392700195},"size":5.070194721221924,"orthographic":true}