{"cameraMode":{"drawMode":0,"name":"Shaded","section":"Shading Mode"},"sceneLighting":false,"audioPlay":false,"sceneViewState":{"showFog":true,"showMaterialUpdate":false,"showSkybox":false,"showFlares":true,"showImageEffects":true,"showParticleSystems":true},"in2DMode":false,"pivot":{"x":0.5420034527778626,"y":-3.480316162109375,"z":3.247063636779785},"rotation":{"x":-0.18427713215351106,"y":0.8075302243232727,"z":-0.32713550329208376,"w":-0.45488888025283816},"size":3.7071168422698976,"orthographic":true}