{"cameraMode":{"drawMode":0,"name":"Shaded","section":"Shading Mode"},"sceneLighting":false,"audioPlay":false,"sceneViewState":{"showFog":true,"showMaterialUpdate":false,"showSkybox":false,"showFlares":true,"showImageEffects":true,"showParticleSystems":true},"in2DMode":false,"pivot":{"x":0.5420034527778626,"y":-3.480316162109375,"z":3.247063636779785},"rotation":{"x":0.020351426675915719,"y":0.974080502986908,"z":-0.09763559699058533,"w":0.20303656160831452},"size":1.8330554962158204,"orthographic":true}