{"cameraMode":{"drawMode":0,"name":"Shaded","section":"Shading Mode"},"sceneLighting":true,"audioPlay":false,"sceneViewState":{"showFog":false,"showMaterialUpdate":false,"showSkybox":false,"showFlares":false,"showImageEffects":false,"showParticleSystems":false},"in2DMode":false,"pivot":{"x":796.9698486328125,"y":282.97265625,"z":-391.51190185546877},"rotation":{"x":0.0033977474085986616,"y":0.9946184158325195,"z":-0.09759470820426941,"w":0.034627702087163928},"size":2856.11376953125,"orthographic":false}