{"cameraMode":{"drawMode":0,"name":"Shaded","section":"Shading Mode"},"sceneLighting":false,"audioPlay":false,"sceneViewState":{"showFog":true,"showMaterialUpdate":false,"showSkybox":false,"showFlares":true,"showImageEffects":true,"showParticleSystems":true},"in2DMode":false,"pivot":{"x":-1.7999999523162842,"y":-0.15000002086162568,"z":-0.9623550772666931},"rotation":{"x":-0.20136886835098267,"y":0.02262102998793125,"z":-0.004654317628592253,"w":-0.9792467355728149},"size":2.06510329246521,"orthographic":false}