{"cameraMode":{"drawMode":0,"name":"Shaded","section":"Shading Mode"},"sceneLighting":false,"audioPlay":false,"sceneViewState":{"showFog":true,"showMaterialUpdate":false,"showSkybox":false,"showFlares":true,"showImageEffects":true,"showParticleSystems":true},"in2DMode":false,"pivot":{"x":-1.9013310670852662,"y":1.293947458267212,"z":-0.22983399033546449},"rotation":{"x":-0.20136886835098267,"y":0.02262102998793125,"z":-0.004654317628592253,"w":-0.9792467355728149},"size":3.889509439468384,"orthographic":false}