{"cameraMode":{"drawMode":0,"name":"Shaded","section":"Shading Mode"},"sceneLighting":true,"audioPlay":false,"sceneViewState":{"showFog":true,"showMaterialUpdate":false,"showSkybox":true,"showFlares":true,"showImageEffects":true,"showParticleSystems":true},"in2DMode":false,"pivot":{"x":-3.1008718013763429,"y":2.6988677978515627,"z":-2.5150146484375},"rotation":{"x":-0.20136886835098267,"y":0.02262102998793125,"z":-0.004654317628592253,"w":-0.9792467355728149},"size":26.580385208129884,"orthographic":false}