{"cameraMode":{"drawMode":0,"name":"Shaded","section":"Shading Mode"},"sceneLighting":false,"audioPlay":false,"sceneViewState":{"showFog":true,"showMaterialUpdate":false,"showSkybox":false,"showFlares":true,"showImageEffects":true,"showParticleSystems":true},"in2DMode":false,"pivot":{"x":-8.0,"y":0.34514176845550539,"z":-1.1920928955078126e-7},"rotation":{"x":-0.20136886835098267,"y":0.02262102998793125,"z":-0.004654317628592253,"w":-0.9792467355728149},"size":6.672295093536377,"orthographic":false}