{"cameraMode":{"drawMode":0,"name":"Shaded","section":"Shading Mode"},"sceneLighting":false,"audioPlay":false,"sceneViewState":{"showFog":true,"showMaterialUpdate":false,"showSkybox":false,"showFlares":true,"showImageEffects":true,"showParticleSystems":true},"in2DMode":false,"pivot":{"x":147.5147705078125,"y":358.65325927734377,"z":-516.0177001953125},"rotation":{"x":-0.11522859334945679,"y":-0.8818697929382324,"z":0.2829735279083252,"w":-0.3591034412384033},"size":300.5768737792969,"orthographic":false}