{"cameraMode":{"drawMode":0,"name":"Shaded","section":"Shading Mode"},"sceneLighting":false,"audioPlay":false,"sceneViewState":{"showFog":true,"showMaterialUpdate":false,"showSkybox":false,"showFlares":true,"showImageEffects":true,"showParticleSystems":true},"in2DMode":false,"pivot":{"x":-10.76616382598877,"y":6.501245498657227,"z":17.619352340698243},"rotation":{"x":-0.038111865520477298,"y":-0.871518611907959,"z":0.4840649664402008,"w":-0.0686202123761177},"size":78.58261108398438,"orthographic":false}