{"cameraMode":{"drawMode":0,"name":"Shaded","section":"Shading Mode"},"sceneLighting":true,"audioPlay":false,"sceneViewState":{"showFog":true,"showMaterialUpdate":false,"showSkybox":true,"showFlares":true,"showImageEffects":true,"showParticleSystems":true},"in2DMode":false,"pivot":{"x":1066.8509521484375,"y":630.5077514648438,"z":16.38787078857422},"rotation":{"x":-0.09609781950712204,"y":0.1580791026353836,"z":-0.015563441440463066,"w":-0.982655942440033},"size":2633.32080078125,"orthographic":false}