{"cameraMode":{"drawMode":0,"name":"Shaded","section":"Shading Mode"},"sceneLighting":true,"audioPlay":false,"sceneViewState":{"showFog":true,"showMaterialUpdate":false,"showSkybox":true,"showFlares":true,"showImageEffects":true,"showParticleSystems":true},"in2DMode":false,"pivot":{"x":-9.96470832824707,"y":-13.634395599365235,"z":12.770153999328614},"rotation":{"x":0.051358532160520557,"y":0.8873680830001831,"z":-0.44683900475502016,"w":0.10174504667520523},"size":70.22080993652344,"orthographic":false}