{"cameraMode":{"drawMode":0,"name":"Shaded","section":"Shading Mode"},"sceneLighting":true,"audioPlay":false,"sceneViewState":{"showFog":true,"showMaterialUpdate":false,"showSkybox":true,"showFlares":true,"showImageEffects":true,"showParticleSystems":true},"in2DMode":false,"pivot":{"x":1613.0107421875,"y":495.55682373046877,"z":-117.55577850341797},"rotation":{"x":-0.21548117697238923,"y":0.05297965928912163,"z":-0.011685755103826523,"w":-0.97503262758255},"size":3102.248779296875,"orthographic":true}