{"cameraMode":{"drawMode":0,"name":"Shaded","section":"Shading Mode"},"sceneLighting":true,"audioPlay":false,"sceneViewState":{"showFog":true,"showMaterialUpdate":false,"showSkybox":true,"showFlares":true,"showImageEffects":true,"showParticleSystems":true},"in2DMode":false,"pivot":{"x":181.84027099609376,"y":40.71781539916992,"z":-6.835811614990234},"rotation":{"x":-0.02225049026310444,"y":0.9233543872833252,"z":-0.37955036759376528,"w":-0.05408892780542374},"size":326.4923095703125,"orthographic":true}