{"cameraMode":{"drawMode":0,"name":"Shaded","section":"Shading Mode"},"sceneLighting":true,"audioPlay":false,"sceneViewState":{"showFog":true,"showMaterialUpdate":false,"showSkybox":true,"showFlares":true,"showImageEffects":true,"showParticleSystems":true},"in2DMode":false,"pivot":{"x":-12.551899909973145,"y":-33.90208053588867,"z":11.950492858886719},"rotation":{"x":0.3959902822971344,"y":0.059142377227544788,"z":-0.025653399527072908,"w":0.9161183834075928},"size":122.06060791015625,"orthographic":false}