{"cameraMode":{"drawMode":0,"name":"Shaded","section":"Shading Mode"},"sceneLighting":true,"audioPlay":false,"sceneViewState":{"showFog":true,"showMaterialUpdate":false,"showSkybox":true,"showFlares":true,"showImageEffects":true,"showParticleSystems":true},"in2DMode":false,"pivot":{"x":0.7684692144393921,"y":-4.395915985107422,"z":-0.8501166701316834},"rotation":{"x":0.3226136863231659,"y":-0.015622520819306374,"z":0.005296771880239248,"w":0.9465013146400452},"size":56.60259246826172,"orthographic":false}