{"cameraMode":{"drawMode":0,"name":"Shaded","section":"Shading Mode"},"sceneLighting":true,"audioPlay":false,"sceneViewState":{"showFog":true,"showMaterialUpdate":false,"showSkybox":true,"showFlares":true,"showImageEffects":true,"showParticleSystems":true},"in2DMode":false,"pivot":{"x":-23.17987632751465,"y":-11.40831184387207,"z":-5.654136657714844},"rotation":{"x":-0.42776063084602358,"y":-0.08870761841535568,"z":0.042228080332279208,"w":-0.8985497355461121},"size":54.96391677856445,"orthographic":false}