{"cameraMode":{"drawMode":0,"name":"Shaded","section":"Shading Mode"},"sceneLighting":false,"audioPlay":false,"sceneViewState":{"showFog":true,"showMaterialUpdate":false,"showSkybox":false,"showFlares":true,"showImageEffects":true,"showParticleSystems":true},"in2DMode":false,"pivot":{"x":1.3799999952316285,"y":-2.770002603530884,"z":4.340000152587891},"rotation":{"x":0.12692072987556458,"y":0.8310463428497315,"z":-0.21158979833126069,"w":0.49849310517311098},"size":6.042794227600098,"orthographic":false}