{"cameraMode":{"drawMode":0,"name":"Shaded","section":"Shading Mode"},"sceneLighting":false,"audioPlay":false,"sceneViewState":{"showFog":true,"showMaterialUpdate":false,"showSkybox":false,"showFlares":true,"showImageEffects":true,"showParticleSystems":true},"in2DMode":false,"pivot":{"x":1.380000114440918,"y":-2.216562509536743,"z":4.340000152587891},"rotation":{"x":-0.3180006742477417,"y":0.5766262412071228,"z":-0.2595900595188141,"w":-0.7064077854156494},"size":10.028261184692383,"orthographic":true}