{"cameraMode":{"drawMode":0,"name":"Shaded","section":"Shading Mode"},"sceneLighting":true,"audioPlay":false,"sceneViewState":{"showFog":true,"showMaterialUpdate":false,"showSkybox":true,"showFlares":true,"showImageEffects":true,"showParticleSystems":true},"in2DMode":false,"pivot":{"x":12.415936470031739,"y":-0.7853536605834961,"z":6.481654167175293},"rotation":{"x":0.09778164327144623,"y":-0.9008318781852722,"z":0.27157899737358096,"w":0.3243523836135864},"size":13.506501197814942,"orthographic":false}