{"cameraMode":{"drawMode":0,"name":"Shaded","section":"Shading Mode"},"sceneLighting":true,"audioPlay":false,"sceneViewState":{"showFog":true,"showMaterialUpdate":false,"showSkybox":true,"showFlares":true,"showImageEffects":true,"showParticleSystems":true},"in2DMode":false,"pivot":{"x":574.9551391601563,"y":697.448974609375,"z":-140.13247680664063},"rotation":{"x":-0.3180006742477417,"y":0.5766262412071228,"z":-0.2595900595188141,"w":-0.7064077854156494},"size":34.73667526245117,"orthographic":true}