{"cameraMode":{"drawMode":0,"name":"Shaded","section":"Shading Mode"},"sceneLighting":false,"audioPlay":false,"sceneViewState":{"showFog":true,"showMaterialUpdate":false,"showSkybox":false,"showFlares":true,"showImageEffects":true,"showParticleSystems":true},"in2DMode":false,"pivot":{"x":-0.21710970997810365,"y":-3.45559024810791,"z":4.027261257171631},"rotation":{"x":-0.10898366570472717,"y":0.8880008459091187,"z":-0.2746908366680145,"w":-0.35231658816337588},"size":6.320584297180176,"orthographic":true}