{"cameraMode":{"drawMode":0,"name":"Shaded","section":"Shading Mode"},"sceneLighting":true,"audioPlay":false,"sceneViewState":{"showFog":true,"showMaterialUpdate":false,"showSkybox":true,"showFlares":true,"showImageEffects":true,"showParticleSystems":true},"in2DMode":false,"pivot":{"x":11.890000343322754,"y":1.6834375858306885,"z":4.340000152587891},"rotation":{"x":-0.14294525980949403,"y":0.8561868071556091,"z":-0.3296257257461548,"w":-0.37131768465042117},"size":10.028261184692383,"orthographic":true}