{"cameraMode":{"drawMode":0,"name":"Shaded","section":"Shading Mode"},"sceneLighting":false,"audioPlay":false,"sceneViewState":{"showFog":true,"showMaterialUpdate":false,"showSkybox":false,"showFlares":true,"showImageEffects":true,"showParticleSystems":true},"in2DMode":false,"pivot":{"x":1.380000114440918,"y":-2.216562509536743,"z":4.340000152587891},"rotation":{"x":0.07439172267913819,"y":0.8099574446678162,"z":-0.5721432566642761,"w":0.10531178116798401},"size":10.028261184692383,"orthographic":true}