{"cameraMode":{"drawMode":0,"name":"Shaded","section":"Shading Mode"},"sceneLighting":false,"audioPlay":false,"sceneViewState":{"showFog":true,"showMaterialUpdate":false,"showSkybox":false,"showFlares":true,"showImageEffects":true,"showParticleSystems":true},"in2DMode":false,"pivot":{"x":1.7400007247924805,"y":2.0,"z":16.549999237060548},"rotation":{"x":-0.14294525980949403,"y":0.8561868071556091,"z":-0.3296257257461548,"w":-0.37131768465042117},"size":31.14562225341797,"orthographic":true}