{"cameraMode":{"drawMode":0,"name":"Shaded","section":"Shading Mode"},"sceneLighting":false,"audioPlay":false,"sceneViewState":{"showFog":true,"showMaterialUpdate":false,"showSkybox":false,"showFlares":true,"showImageEffects":true,"showParticleSystems":true},"in2DMode":false,"pivot":{"x":-0.21710970997810365,"y":-3.45559024810791,"z":4.027261257171631},"rotation":{"x":-0.023057157173752786,"y":-0.9554311037063599,"z":0.07755744457244873,"w":-0.28395551443099978},"size":6.320584297180176,"orthographic":true}