{"cameraMode":{"drawMode":0,"name":"Shaded","section":"Shading Mode"},"sceneLighting":false,"audioPlay":false,"sceneViewState":{"showFog":true,"showMaterialUpdate":false,"showSkybox":false,"showFlares":true,"showImageEffects":true,"showParticleSystems":true},"in2DMode":false,"pivot":{"x":23.549999237060548,"y":1.3000000715255738,"z":-0.050000011920928958},"rotation":{"x":0.04149734228849411,"y":-0.9550796151161194,"z":0.16198036074638368,"w":0.24468204379081727},"size":4.634709358215332,"orthographic":true}